epoch,split,loss,acc1,macro_f1
1,train,3.4390713818868,,
1,val,2.1342420594460325,0.4702178217821782,0.44810890807292325
2,train,2.155500115156174,,
2,val,1.6015818621153737,0.5798019801980198,0.5688889937365984
3,train,1.8576519616444906,,
3,val,1.3779149040947842,0.6347326732673267,0.6260467923856453
4,train,1.6695542895793916,,
4,val,1.2340575672278093,0.6686732673267327,0.6626166160292233
5,train,1.5385524255037308,,
5,val,1.1971851652805323,0.6763564356435644,0.6739687673920427
