epoch,split,loss,acc1,macro_f1
1,train,3.555155967871348,,
1,val,2.736013928206521,0.33033663366336635,0.3031199505715318
2,train,2.719036393960317,,
2,val,2.318237044632923,0.4182970297029703,0.3976823713769249
3,train,2.4999285515149436,,
3,val,2.032903694990887,0.4814257425742574,0.46735275025191086
4,train,2.3391366358598074,,
4,val,2.0657395177331592,0.4739009900990099,0.4590700863209355
5,train,2.2165582378705344,,
5,val,2.0157848510294305,0.47695049504950493,0.47367457941421154
