epoch,split,loss,acc1,macro_f1
1,train,1.3114793610572815,,
1,val,4.633338878706258,0.1150891089108911,0.06798472965438622
2,train,1.2342676583925882,,
2,val,5.579254701599648,0.13306930693069308,0.07223440685097063
3,train,1.1809414291381837,,
3,val,4.357972658469482,0.22134653465346535,0.16146505112436907
